,data_split,metric_value
0,train,0.1830733613032329
0,val,0.20876965710344295
0,test,0.18060294049959758
0,future,0.13371441085838312
