,data_split,metric_value
0,train,0.041054666001036834
0,val,0.03866967401573255
0,test,0.02789039247120482
0,future,0.024279978567513523
